time,latitude,longitude,t2m,tp
1981-01-01T12:00:00,37.021,-108.685,270.71303944365565,5.00336734852308e-07
1981-02-01T12:00:00,37.021,-108.685,268.1121841483519,2.8269025519096422e-05
1981-03-01T12:00:00,37.021,-108.685,272.39361746896606,0.0015075145821067983
1981-04-01T12:00:00,37.021,-108.685,272.76552163452783,0.0
1981-05-01T12:00:00,37.021,-108.685,285.28492083975965,5.00336734852308e-07
1981-06-01T12:00:00,37.021,-108.685,284.8610655379885,0.000951390301319641
1981-07-01T12:00:00,37.021,-108.685,290.11885037085364,0.00946887270705979
1981-08-01T12:00:00,37.021,-108.685,292.9918306653489,5.553737756848823e-05
1981-09-01T12:00:00,37.021,-108.685,287.9311303015953,2.501683674256336e-06
1981-10-01T12:00:00,37.021,-108.685,283.5334253904175,5.00336734852308e-07
1981-11-01T12:00:00,37.021,-108.685,270.61161103486603,5.00336734852308e-07
1981-12-01T12:00:00,37.021,-108.685,266.0225940030445,1.876262755692165e-05
1982-01-01T12:00:00,37.021,-108.685,274.978804961286,0.0017291637556458997
1982-02-01T12:00:00,37.021,-108.685,267.7147167252903,0.0005823919593668488
1982-03-01T12:00:00,37.021,-108.685,271.79906557679294,1.7511785719796086e-06
1982-04-01T12:00:00,37.021,-108.685,273.3765659508944,0.0
1982-05-01T12:00:00,37.021,-108.685,283.8006026623511,4.0777443890376366e-05
1982-06-01T12:00:00,37.021,-108.685,282.6535545596981,7.505051022767273e-07
1982-07-01T12:00:00,37.021,-108.685,288.51743598167167,0.002010102832264873
1982-08-01T12:00:00,37.021,-108.685,292.65620983301267,3.302222450018294e-05
1982-09-01T12:00:00,37.021,-108.685,287.0306439406341,0.0
1982-10-01T12:00:00,37.021,-108.685,278.9782178281925,2.0013469394057626e-06
1982-11-01T12:00:00,37.021,-108.685,273.6594110258117,0.0005371114848628112
1982-12-01T12:00:00,37.021,-108.685,271.8724568644537,0.007821263839194645
1983-01-01T12:00:00,37.021,-108.685,260.0350193996202,5.00336734852308e-07
1983-02-01T12:00:00,37.021,-108.685,267.5704080135978,0.00033247376030865264
1983-03-01T12:00:00,37.021,-108.685,274.6530795834658,0.0003214663521419244
1983-04-01T12:00:00,37.021,-108.685,272.5074151959007,0.00011007408166727357
1983-05-01T12:00:00,37.021,-108.685,277.5582201051383,0.0007745212655497257
1983-06-01T12:00:00,37.021,-108.685,284.6433655386353,0.0006734532451097746
1983-07-01T12:00:00,37.021,-108.685,287.9105147713535,1.7511785719796086e-06
1983-08-01T12:00:00,37.021,-108.685,289.82116211416223,1.8512459189497232e-05
1983-09-01T12:00:00,37.021,-108.685,292.83680187793067,4.2528622462359444e-06
1983-10-01T12:00:00,37.021,-108.685,283.6026935720299,0.0038978733328586153
1983-11-01T12:00:00,37.021,-108.685,279.88777502246006,3.402289796988582e-05
1983-12-01T12:00:00,37.021,-108.685,267.97942013359483,1.7511785719796086e-06
1984-01-01T12:00:00,37.021,-108.685,264.0764879482199,5.00336734852308e-07
1984-02-01T12:00:00,37.021,-108.685,264.0014474181398,0.0
1984-03-01T12:00:00,37.021,-108.685,268.7257023283475,5.00336734852308e-07
1984-04-01T12:00:00,37.021,-108.685,274.3982716296773,0.000601654923658621
1984-05-01T12:00:00,37.021,-108.685,277.3685572269138,5.00336734852308e-07
1984-06-01T12:00:00,37.021,-108.685,286.4715507604769,0.0017694408628014247
1984-07-01T12:00:00,37.021,-108.685,289.28845681271446,0.0
1984-08-01T12:00:00,37.021,-108.685,290.68124203584955,0.00011482728064836183
1984-09-01T12:00:00,37.021,-108.685,288.7070988598961,0.0018364859852714908
1984-10-01T12:00:00,37.021,-108.685,282.701382589859,0.0002779370562098673
1984-11-01T12:00:00,37.021,-108.685,273.73362693468215,0.0006384296736701876
1984-12-01T12:00:00,37.021,-108.685,266.92225574279604,5.00336734852308e-07
1985-01-01T12:00:00,37.021,-108.685,265.55008604990275,0.0
1985-02-01T12:00:00,37.021,-108.685,255.2588133532032,7.254882655342854e-06
1985-03-01T12:00:00,37.021,-108.685,270.18528186946594,5.00336734852308e-07
1985-04-01T12:00:00,37.021,-108.685,269.449719750439,0.0
1985-05-01T12:00:00,37.021,-108.685,280.16567237011935,0.0
1985-06-01T12:00:00,37.021,-108.685,281.9344848648646,0.0
1985-07-01T12:00:00,37.021,-108.685,286.06088939806045,5.00336734852308e-07
1985-08-01T12:00:00,37.021,-108.685,291.0407768832663,6.75454592049228e-06
1985-09-01T12:00:00,37.021,-108.685,290.68206665705924,2.75185204168249e-06
1985-10-01T12:00:00,37.021,-108.685,275.6978746561195,0.0
1985-11-01T12:00:00,37.021,-108.685,273.88865572210034,6.329259695868339e-05
1985-12-01T12:00:00,37.021,-108.685,272.55771708969064,0.000901356627834516
1986-01-01T12:00:00,37.021,-108.685,269.7779189918882,7.254882655342854e-06
1986-02-01T12:00:00,37.021,-108.685,272.7234659528346,2.0013469394057626e-06
1986-03-01T12:00:00,37.021,-108.685,270.73942732236515,0.0
1986-04-01T12:00:00,37.021,-108.685,279.9941511585077,0.0
1986-05-01T12:00:00,37.021,-108.685,279.6560564625424,5.00336734852308e-07
1986-06-01T12:00:00,37.021,-108.685,284.1485928128324,0.0006869623369507583
1986-07-01T12:00:00,37.021,-108.685,287.6656022720811,7.505051022767273e-07
1986-08-01T12:00:00,37.021,-108.685,290.91708370181556,1.5010102045551893e-06
1986-09-01T12:00:00,37.021,-108.685,287.8148587110316,0.0
1986-10-01T12:00:00,37.021,-108.685,277.27042730296296,0.0
1986-11-01T12:00:00,37.021,-108.685,281.0768788068063,0.012604983361107387
1986-12-01T12:00:00,37.021,-108.685,271.45767239598894,5.00336734852308e-07
1987-01-01T12:00:00,37.021,-108.685,269.0019504335874,0.0
1987-02-01T12:00:00,37.021,-108.685,268.8518693734272,0.0
1987-03-01T12:00:00,37.021,-108.685,253.90890843297106,5.00336734852308e-07
1987-04-01T12:00:00,37.021,-108.685,269.2509860389082,1.2508418371290353e-06
1987-05-01T12:00:00,37.021,-108.685,283.0081416798568,0.0010114307095017904
1987-06-01T12:00:00,37.021,-108.685,288.172744316029,5.00336734852308e-07
1987-07-01T12:00:00,37.021,-108.685,288.1743935584484,0.0
1987-08-01T12:00:00,37.021,-108.685,289.24640113102123,2.2515153068319166e-06
1987-09-01T12:00:00,37.021,-108.685,288.8703738594111,2.50168367426154e-07
1987-10-01T12:00:00,37.021,-108.685,281.71596024430164,7.505051022767273e-07
1987-11-01T12:00:00,37.021,-108.685,282.2115575913142,0.0033465022510525445
1987-12-01T12:00:00,37.021,-108.685,263.80106446418966,7.505051022767273e-07
1988-01-01T12:00:00,37.021,-108.685,251.45236184935985,0.0
1988-02-01T12:00:00,37.021,-108.685,269.7630758101142,0.00041152696441514904
1988-03-01T12:00:00,37.021,-108.685,273.480468223313,0.0003617434592974502
1988-04-01T12:00:00,37.021,-108.685,272.5247322413038,0.0032041564499873665
1988-05-01T12:00:00,37.021,-108.685,281.2789110031758,0.0
1988-06-01T12:00:00,37.021,-108.685,277.3759788178009,0.0
1988-07-01T12:00:00,37.021,-108.685,288.78296401118587,0.0
1988-08-01T12:00:00,37.021,-108.685,290.35386741561,0.0003674973317482396
1988-09-01T12:00:00,37.021,-108.685,286.97704356200546,0.00017111516331912678
1988-10-01T12:00:00,37.021,-108.685,280.2860670667314,0.0
1988-11-01T12:00:00,37.021,-108.685,278.7044435865816,5.00336734852308e-07
1988-12-01T12:00:00,37.021,-108.685,259.44706447712446,5.00336734852308e-07
1989-01-01T12:00:00,37.021,-108.685,259.5262281132529,0.0
1989-02-01T12:00:00,37.021,-108.685,265.649865216273,0.0
1989-03-01T12:00:00,37.021,-108.685,269.7944114160817,0.0
1989-04-01T12:00:00,37.021,-108.685,277.2564087423985,5.00336734852308e-07
1989-05-01T12:00:00,37.021,-108.685,277.42792995401015,7.505051022767273e-07
1989-06-01T12:00:00,37.021,-108.685,280.5318041872135,0.0
1989-07-01T12:00:00,37.021,-108.685,291.1108696860884,0.0
1989-08-01T12:00:00,37.021,-108.685,290.93357612600903,0.002359588041558467
1989-09-01T12:00:00,37.021,-108.685,286.2555000035429,5.00336734852308e-07
1989-10-01T12:00:00,37.021,-108.685,289.61912991779275,5.00336734852308e-07
1989-11-01T12:00:00,37.021,-108.685,271.8435951221152,7.505051022767273e-07
1989-12-01T12:00:00,37.021,-108.685,269.54620043197053,0.0
1990-01-01T12:00:00,37.021,-108.685,266.4645909714284,0.0
1990-02-01T12:00:00,37.021,-108.685,268.064356118191,7.855286737164582e-05
1990-03-01T12:00:00,37.021,-108.685,271.8922477734858,0.0003467333572519122
1990-04-01T12:00:00,37.021,-108.685,274.2803507966943,2.0763974496327414e-05
1990-05-01T12:00:00,37.021,-108.685,278.2673943454557,0.0039226400012337525
1990-06-01T12:00:00,37.021,-108.685,282.9858769071957,0.0
1990-07-01T12:00:00,37.021,-108.685,295.0138018714633,0.0002058885663912876
1990-08-01T12:00:00,37.021,-108.685,291.45885983656973,0.00011032425003469973
1990-09-01T12:00:00,37.021,-108.685,289.8426022656137,1.2508418371290353e-06
1990-10-01T12:00:00,37.021,-108.685,287.2681348490195,0.00011082458676955204
1990-11-01T12:00:00,37.021,-108.685,278.7522716167425,7.705185716709237e-05
1990-12-01T12:00:00,37.021,-108.685,266.791965591668,5.00336734852308e-07
1991-01-01T12:00:00,37.021,-108.685,252.52024631588435,5.00336734852308e-07
1991-02-01T12:00:00,37.021,-108.685,262.05039363605715,0.0
1991-03-01T12:00:00,37.021,-108.685,273.590967465409,0.004465005021812501
1991-04-01T12:00:00,37.021,-108.685,274.6736951137076,5.00336734852308e-07
1991-05-01T12:00:00,37.021,-108.685,274.41146556903203,2.2515153068319166e-06
1991-06-01T12:00:00,37.021,-108.685,280.1351613853615,0.004979601353607005
1991-07-01T12:00:00,37.021,-108.685,284.15848826734845,5.00336734852308e-07
1991-08-01T12:00:00,37.021,-108.685,293.001726119865,3.4523234704736394e-05
1991-09-01T12:00:00,37.021,-108.685,292.54735983333603,1.0507071431877651e-05
1991-10-01T12:00:00,37.021,-108.685,282.4548208481673,7.505051022769008e-06
1991-11-01T12:00:00,37.021,-108.685,259.9822436422012,0.0
1991-12-01T12:00:00,37.021,-108.685,269.5544466440673,0.008685095211915317
1992-01-01T12:00:00,37.021,-108.685,264.21997203870274,7.154815308372912e-05
1992-02-01T12:00:00,37.021,-108.685,266.0943360482859,7.505051022767273e-07
1992-03-01T12:00:00,37.021,-108.685,275.53212579297553,0.0
1992-04-01T12:00:00,37.021,-108.685,276.66927844111245,0.0008243047706674245
1992-05-01T12:00:00,37.021,-108.685,286.63729962362083,0.0
1992-06-01T12:00:00,37.021,-108.685,280.41223411181113,0.0003127104592820281
1992-07-01T12:00:00,37.021,-108.685,288.1504795433679,0.0
1992-08-01T12:00:00,37.021,-108.685,290.34314733988424,1.2258250003855525e-05
1992-09-01T12:00:00,37.021,-108.685,283.40066137566043,0.001152275500362415
1992-10-01T12:00:00,37.021,-108.685,282.05075645542826,0.0
1992-11-01T12:00:00,37.021,-108.685,273.8334061010524,0.0
1992-12-01T12:00:00,37.021,-108.685,265.37691559587176,5.00336734852308e-07
1993-01-01T12:00:00,37.021,-108.685,268.7009636920573,0.0
1993-02-01T12:00:00,37.021,-108.685,270.36917239922263,0.007941594823926368
1993-03-01T12:00:00,37.021,-108.685,272.3631064842082,0.0032859615061355445
1993-04-01T12:00:00,37.021,-108.685,271.07999588195946,0.0
1993-05-01T12:00:00,37.021,-108.685,279.88200267399236,0.0006887135155227379
1993-06-01T12:00:00,37.021,-108.685,289.7782818112593,7.505051022767273e-07
1993-07-01T12:00:00,37.021,-108.685,287.4949056816791,0.0
1993-08-01T12:00:00,37.021,-108.685,293.5435022546191,0.0
1993-09-01T12:00:00,37.021,-108.685,285.7714473534658,0.00015335320923190628
1993-10-01T12:00:00,37.021,-108.685,282.05405494026695,1.2508418371290353e-06
1993-11-01T12:00:00,37.021,-108.685,273.69074663177923,0.0
1993-12-01T12:00:00,37.021,-108.685,272.36393110541786,2.50168367426154e-07
1994-01-01T12:00:00,37.021,-108.685,263.48358529846615,0.0
1994-02-01T12:00:00,37.021,-108.685,259.2837894776095,0.0
1994-03-01T12:00:00,37.021,-108.685,269.01514437294213,0.0
1994-04-01T12:00:00,37.021,-108.685,274.00492731266405,0.0
1994-05-01T12:00:00,37.021,-108.685,279.2486935849647,0.00020638890312613817
1994-06-01T12:00:00,37.021,-108.685,284.69943978089293,1.0507071431877651e-05
1994-07-01T12:00:00,37.021,-108.685,299.401611328125,5.00336734852308e-07
1994-08-01T12:00:00,37.021,-108.685,292.79722005986645,1.7011448984943778e-05
1994-09-01T12:00:00,37.021,-108.685,290.519616278754,9.381313778460826e-05
1994-10-01T12:00:00,37.021,-108.685,282.5166674388926,0.0044720097361004175
1994-11-01T12:00:00,37.021,-108.685,272.38784512049835,0.0
1994-12-01T12:00:00,37.021,-108.685,261.59437810710887,0.0
1995-01-01T12:00:00,37.021,-108.685,264.4863246894266,5.253535715938826e-06
1995-02-01T12:00:00,37.021,-108.685,268.19217240569003,7.505051022767273e-07
1995-03-01T12:00:00,37.021,-108.685,275.01178980967285,0.00573986302221347
1995-04-01T12:00:00,37.021,-108.685,269.70205384059847,7.505051022767273e-07
1995-05-01T12:00:00,37.021,-108.685,275.81497086789284,1.7511785719796086e-06
1995-06-01T12:00:00,37.021,-108.685,280.0188897947978,7.505051022767273e-07
1995-07-01T12:00:00,37.021,-108.685,287.07187500111763,0.002002597781242104
1995-08-01T12:00:00,37.021,-108.685,291.681507563181,0.0
1995-09-01T12:00:00,37.021,-108.685,292.05588559237185,5.00336734852308e-07
1995-10-01T12:00:00,37.021,-108.685,278.75392085916184,0.0
1995-11-01T12:00:00,37.021,-108.685,279.7376939622999,0.0015525448882434106
1995-12-01T12:00:00,37.021,-108.685,271.48983262316614,0.0
1996-01-01T12:00:00,37.021,-108.685,269.2823216448757,5.428653573136093e-05
1996-02-01T12:00:00,37.021,-108.685,271.9153371673566,0.006224188981549474
1996-03-01T12:00:00,37.021,-108.685,268.4849129351234,0.0
1996-04-01T12:00:00,37.021,-108.685,276.2800572301475,5.00336734852308e-07
1996-05-01T12:00:00,37.021,-108.685,281.0307000190647,0.0
1996-06-01T12:00:00,37.021,-108.685,282.7170503928428,0.0
1996-07-01T12:00:00,37.021,-108.685,288.76977007183115,1.7011448984943778e-05
1996-08-01T12:00:00,37.021,-108.685,291.2683723371356,0.0
1996-09-01T12:00:00,37.021,-108.685,287.13619545547203,5.00336734852308e-07
1996-10-01T12:00:00,37.021,-108.685,282.4845072117154,0.0
1996-11-01T12:00:00,37.021,-108.685,271.9912023186464,2.50168367426154e-07
1996-12-01T12:00:00,37.021,-108.685,258.2389944049558,7.505051022767273e-07
1997-01-01T12:00:00,37.021,-108.685,271.0461864123629,5.00336734852308e-07
1997-02-01T12:00:00,37.021,-108.685,268.2515451327864,1.2508418371290353e-06
1997-03-01T12:00:00,37.021,-108.685,258.8879712969672,2.3765994905434323e-05
1997-04-01T12:00:00,37.021,-108.685,275.6195356412007,0.0019040314444764093
1997-05-01T12:00:00,37.021,-108.685,279.51587085689823,7.505051022767273e-07
1997-06-01T12:00:00,37.021,-108.685,286.8170670473292,7.505051022767273e-07
1997-07-01T12:00:00,37.021,-108.685,291.9321924109211,0.0
1997-08-01T12:00:00,37.021,-108.685,286.845104168458,5.00336734852308e-07
1997-09-01T12:00:00,37.021,-108.685,289.80384506875913,0.00024666601028166396
1997-10-01T12:00:00,37.021,-108.685,283.8649231167054,0.0
1997-11-01T12:00:00,37.021,-108.685,279.4342333571408,0.0
1997-12-01T12:00:00,37.021,-108.685,275.65334511079726,0.00016285960719408105
1998-01-01T12:00:00,37.021,-108.685,264.0072197666075,7.505051022767273e-07
1998-02-01T12:00:00,37.021,-108.685,266.1726750632047,0.0
1998-03-01T12:00:00,37.021,-108.685,263.43740651072454,0.0
1998-04-01T12:00:00,37.021,-108.685,271.4502508051019,1.7511785719796086e-06
1998-05-01T12:00:00,37.021,-108.685,277.74540911973367,5.00336734852308e-07
1998-06-01T12:00:00,37.021,-108.685,285.98914735281903,0.0
1998-07-01T12:00:00,37.021,-108.685,290.0223696893221,1.7511785719796086e-06
1998-08-01T12:00:00,37.021,-108.685,292.36759240962766,0.00014910034698567207
1998-09-01T12:00:00,37.021,-108.685,291.81839468398647,0.00011958047962944834
1998-10-01T12:00:00,37.021,-108.685,285.4259310666135,0.004589839037157886
1998-11-01T12:00:00,37.021,-108.685,276.10606215490685,3.502357143958697e-05
1998-12-01T12:00:00,37.021,-108.685,274.9524170825765,0.0
1999-01-01T12:00:00,37.021,-108.685,274.3504435995164,0.004213335644182325
1999-02-01T12:00:00,37.021,-108.685,270.7715875495423,2.226498470088087e-05
1999-03-01T12:00:00,37.021,-108.685,271.8774045917117,7.505051022767273e-07
1999-04-01T12:00:00,37.021,-108.685,276.03926783692344,0.0015973250260125967
1999-05-01T12:00:00,37.021,-108.685,276.7896731377245,0.0005933993675335762
1999-06-01T12:00:00,37.021,-108.685,281.30612350309497,0.0
1999-07-01T12:00:00,37.021,-108.685,289.59191741787356,5.00336734852308e-07
1999-08-01T12:00:00,37.021,-108.685,290.09988408303116,0.00014684883167884015
1999-09-01T12:00:00,37.021,-108.685,288.9503621167492,0.0013671701279810242
1999-10-01T12:00:00,37.021,-108.685,278.9138973738381,5.00336734852308e-07
1999-11-01T12:00:00,37.021,-108.685,273.98678564605126,0.0
1999-12-01T12:00:00,37.021,-108.685,276.2676879120025,5.00336734852308e-07
2000-01-01T12:00:00,37.021,-108.685,272.04892580332336,0.0006396805155073158
2000-02-01T12:00:00,37.021,-108.685,267.46815498359854,0.00021364378578148102
2000-03-01T12:00:00,37.021,-108.685,274.6868890530623,5.00336734852308e-07
2000-04-01T12:00:00,37.021,-108.685,273.5629303442801,0.008091946012749167
2000-05-01T12:00:00,37.021,-108.685,277.3207291967529,1.9763301026624533e-05
2000-06-01T12:00:00,37.021,-108.685,286.4154765182192,1.7511785719796086e-06
2000-07-01T12:00:00,37.021,-108.685,291.9272446836631,5.278552552680747e-05
2000-08-01T12:00:00,37.021,-108.685,292.4558268790625,7.505051022767273e-07
2000-09-01T12:00:00,37.021,-108.685,286.7148140173299,0.0
2000-10-01T12:00:00,37.021,-108.685,283.68762955662606,7.505051022767273e-07
2000-11-01T12:00:00,37.021,-108.685,274.399096250887,0.0002474165153839407
2000-12-01T12:00:00,37.021,-108.685,268.33153339012455,5.00336734852308e-07
2001-01-01T12:00:00,37.021,-108.685,264.58610385579686,1.7511785719796086e-06
2001-02-01T12:00:00,37.021,-108.685,251.5546148793591,0.0
2001-03-01T12:00:00,37.021,-108.685,267.9678754366594,0.00020213604087990396
2001-04-01T12:00:00,37.021,-108.685,275.40760799031517,0.0
2001-05-01T12:00:00,37.021,-108.685,281.2121166851924,5.00336734852308e-07
2001-06-01T12:00:00,37.021,-108.685,283.70329735960985,5.00336734852308e-07
2001-07-01T12:00:00,37.021,-108.685,295.48053747613733,6.279226022383108e-05
2001-08-01T12:00:00,37.021,-108.685,293.09408369534816,5.7288556140467836e-05
2001-09-01T12:00:00,37.021,-108.685,288.9577837076362,1.1507744901578798e-05
2001-10-01T12:00:00,37.021,-108.685,287.3654401517607,0.0
2001-11-01T12:00:00,37.021,-108.685,277.69180874110504,0.0
2001-12-01T12:00:00,37.021,-108.685,261.53253151638353,4.5030306136620984e-06
2002-01-01T12:00:00,37.021,-108.685,265.4016542321619,3.002020409107603e-05
2002-02-01T12:00:00,37.021,-108.685,260.5454599284068,5.00336734852308e-07
2002-03-01T12:00:00,37.021,-108.685,271.6728985317132,6.504377553066126e-06
2002-04-01T12:00:00,37.021,-108.685,276.36087010869534,0.0
2002-05-01T12:00:00,37.021,-108.685,280.42377880874653,7.505051022767273e-07
2002-06-01T12:00:00,37.021,-108.685,291.26672309471627,7.505051022767273e-07
2002-07-01T12:00:00,37.021,-108.685,292.1441200618067,7.505051022767273e-07
2002-08-01T12:00:00,37.021,-108.685,296.96155716870726,7.505051022767273e-07
2002-09-01T12:00:00,37.021,-108.685,286.54081894208923,5.00336734852308e-07
2002-10-01T12:00:00,37.021,-108.685,279.03594131286945,0.0
2002-11-01T12:00:00,37.021,-108.685,274.13686670621144,0.0
2002-12-01T12:00:00,37.021,-108.685,271.5920856531654,0.0033127295214500857
2003-01-01T12:00:00,37.021,-108.685,268.415644753511,0.0009206195921262891
2003-02-01T12:00:00,37.021,-108.685,272.438971635498,7.505051022767273e-07
2003-03-01T12:00:00,37.021,-108.685,267.6470977860972,0.000306206081728962
2003-04-01T12:00:00,37.021,-108.685,274.9466447341088,7.505051022767273e-07
2003-05-01T12:00:00,37.021,-108.685,280.851757216566,7.505051022767273e-07
2003-06-01T12:00:00,37.021,-108.685,290.12792120416003,1.1757913269004952e-05
2003-07-01T12:00:00,37.021,-108.685,290.5418810514151,0.0
2003-08-01T12:00:00,37.021,-108.685,293.02811399857444,0.00017786970923961733
2003-09-01T12:00:00,37.021,-108.685,288.19253522506114,1.7511785719796086e-06
2003-10-01T12:00:00,37.021,-108.685,285.00784811331005,5.00336734852308e-07
2003-11-01T12:00:00,37.021,-108.685,282.54552918123113,0.0
2003-12-01T12:00:00,37.021,-108.685,271.9376019400177,7.505051022767273e-07
2004-01-01T12:00:00,37.021,-108.685,268.4222417231884,0.0
2004-02-01T12:00:00,37.021,-108.685,266.2493648357041,0.0006702010563332415
2004-03-01T12:00:00,37.021,-108.685,266.68064172836233,6.75454592049228e-06
2004-04-01T12:00:00,37.021,-108.685,277.9499151797322,5.00336734852308e-07
2004-05-01T12:00:00,37.021,-108.685,273.93813299468064,4.5030306136620984e-06
2004-06-01T12:00:00,37.021,-108.685,283.16894281574275,7.505051022767273e-07
2004-07-01T12:00:00,37.021,-108.685,285.3212041729852,7.505051022767273e-07
2004-08-01T12:00:00,37.021,-108.685,292.03197157729136,0.0
2004-09-01T12:00:00,37.021,-108.685,289.89207953819397,0.0
2004-10-01T12:00:00,37.021,-108.685,278.25337578489126,2.0013469394057626e-06
2004-11-01T12:00:00,37.021,-108.685,271.31336368429646,3.502357143959217e-06
2004-12-01T12:00:00,37.021,-108.685,261.81702583372015,0.0
2005-01-01T12:00:00,37.021,-108.685,273.5324193595223,2.051380612890126e-05
2005-02-01T12:00:00,37.021,-108.685,270.74190118599415,0.0012260751687529735
2005-03-01T12:00:00,37.021,-108.685,271.9260572430823,0.00012208216330370468
2005-04-01T12:00:00,37.021,-108.685,267.2925106659385,0.0
2005-05-01T12:00:00,37.021,-108.685,276.91666480401386,1.2508418371290353e-06
2005-06-01T12:00:00,37.021,-108.685,283.4954928147726,0.0
2005-07-01T12:00:00,37.021,-108.685,286.2530261399139,7.505051022767273e-07
2005-08-01T12:00:00,37.021,-108.685,293.99869316235777,0.00010582121942103936
2005-09-01T12:00:00,37.021,-108.685,287.8569143927249,0.0
2005-10-01T12:00:00,37.021,-108.685,280.8385632772112,0.0
2005-11-01T12:00:00,37.021,-108.685,272.11654474251645,0.0
2005-12-01T12:00:00,37.021,-108.685,269.38869778092334,0.0
2006-01-01T12:00:00,37.021,-108.685,275.64097579265217,0.003083575296888216
2006-02-01T12:00:00,37.021,-108.685,269.2361428571341,1.0006734697028813e-06
2006-03-01T12:00:00,37.021,-108.685,279.2858015393999,0.0007054747961402546
2006-04-01T12:00:00,37.021,-108.685,278.5560117688407,0.003965919128798385
2006-05-01T12:00:00,37.021,-108.685,279.4927814630275,1.926296429177396e-05
2006-06-01T12:00:00,37.021,-108.685,284.6664549325061,0.0
2006-07-01T12:00:00,37.021,-108.685,293.4742340730067,1.6260943882665316e-05
2006-08-01T12:00:00,37.021,-108.685,290.8148306718163,0.0030563069448388235
2006-09-01T12:00:00,37.021,-108.685,287.92618257433725,0.00019863368373594474
2006-10-01T12:00:00,37.021,-108.685,281.8792352438166,0.0
2006-11-01T12:00:00,37.021,-108.685,273.11186254258985,0.0
2006-12-01T12:00:00,37.021,-108.685,262.5022860589571,0.0
2007-01-01T12:00:00,37.021,-108.685,268.05281142125557,0.0
2007-02-01T12:00:00,37.021,-108.685,262.89975348201875,0.0002666794796757129
2007-03-01T12:00:00,37.021,-108.685,267.48134892295326,0.0004247858878887066
2007-04-01T12:00:00,37.021,-108.685,271.83040118276045,0.0
2007-05-01T12:00:00,37.021,-108.685,284.2813568275895,2.4766668375137205e-05
2007-06-01T12:00:00,37.021,-108.685,283.8360613743669,5.00336734852308e-07
2007-07-01T12:00:00,37.021,-108.685,287.13949394031073,5.00336734852308e-07
2007-08-01T12:00:00,37.021,-108.685,291.3071295339902,0.0001280862041219185
2007-09-01T12:00:00,37.021,-108.685,292.3783124853534,0.00011232559697410549
2007-10-01T12:00:00,37.021,-108.685,280.94411479204916,0.0
2007-11-01T12:00:00,37.021,-108.685,276.59671177466134,7.505051022767273e-07
2007-12-01T12:00:00,37.021,-108.685,280.93421933753314,0.01639428362250328
2008-01-01T12:00:00,37.021,-108.685,252.82123305741442,5.00336734852308e-07
2008-02-01T12:00:00,37.021,-108.685,257.9520262239901,0.0
2008-03-01T12:00:00,37.021,-108.685,271.51622050187564,7.505051022767273e-07
2008-04-01T12:00:00,37.021,-108.685,270.67263300438174,7.505051022767273e-07
2008-05-01T12:00:00,37.021,-108.685,276.87955684957865,0.0001568555663758655
2008-06-01T12:00:00,37.021,-108.685,283.11699167953344,7.505051022767273e-07
2008-07-01T12:00:00,37.021,-108.685,290.0825670376281,0.0004370441378925621
2008-08-01T12:00:00,37.021,-108.685,293.88077232937474,0.0
2008-09-01T12:00:00,37.021,-108.685,288.112546967723,0.004317655853398809
2008-10-01T12:00:00,37.021,-108.685,283.5111606177564,7.505051022767273e-07
2008-11-01T12:00:00,37.021,-108.685,278.5007621477927,0.0
2008-12-01T12:00:00,37.021,-108.685,274.55247579588587,7.505051022767273e-07
2009-01-01T12:00:00,37.021,-108.685,260.3805356864725,0.0
2009-02-01T12:00:00,37.021,-108.685,264.894512188214,0.0
2009-03-01T12:00:00,37.021,-108.685,270.91754550365414,7.505051022767273e-07
2009-04-01T12:00:00,37.021,-108.685,275.2385606423325,2.501683674256336e-06
2009-05-01T12:00:00,37.021,-108.685,280.0947549460876,0.0
2009-06-01T12:00:00,37.021,-108.685,283.4534371330794,2.7018183681967387e-05
2009-07-01T12:00:00,37.021,-108.685,292.7023886207542,0.0
2009-08-01T12:00:00,37.021,-108.685,288.6600954509448,0.0
2009-09-01T12:00:00,37.021,-108.685,292.01795301672695,3.6774750011566576e-05
2009-10-01T12:00:00,37.021,-108.685,277.5334814688481,0.0
2009-11-01T12:00:00,37.021,-108.685,271.02144777607276,0.0
2009-12-01T12:00:00,37.021,-108.685,269.32685119019794,5.00336734852308e-07
2010-01-01T12:00:00,37.021,-108.685,255.28025350465467,1.0006734697028813e-06
2010-02-01T12:00:00,37.021,-108.685,258.9547656149506,4.5030306136620984e-06
2010-03-01T12:00:00,37.021,-108.685,264.3782993109596,1.4759933678111861e-05
2010-04-01T12:00:00,37.021,-108.685,278.4521094964221,0.0013213893167421352
2010-05-01T12:00:00,37.021,-108.685,273.5893182229896,1.1507744901578798e-05
2010-06-01T12:00:00,37.021,-108.685,291.21889506455534,0.0
2010-07-01T12:00:00,37.021,-108.685,292.7279518782541,2.2515153068319166e-06
2010-08-01T12:00:00,37.021,-108.685,291.74665263874505,0.00039601652563476045
2010-09-01T12:00:00,37.021,-108.685,285.1480337189542,0.0
2010-10-01T12:00:00,37.021,-108.685,285.81515227757836,0.0
2010-11-01T12:00:00,37.021,-108.685,274.55824814435357,5.00336734852308e-07
2010-12-01T12:00:00,37.021,-108.685,264.19028567515454,0.0
2011-01-01T12:00:00,37.021,-108.685,245.3617095947266,2.0013469394057626e-06
2011-02-01T12:00:00,37.021,-108.685,268.0956917241585,8.580775002698868e-05
2011-03-01T12:00:00,37.021,-108.685,270.305676566078,5.00336734852308e-07
2011-04-01T12:00:00,37.021,-108.685,276.0318462460364,0.0
2011-05-01T12:00:00,37.021,-108.685,270.8491019432514,5.00336734852308e-07
2011-06-01T12:00:00,37.021,-108.685,288.7359606022346,0.0
2011-07-01T12:00:00,37.021,-108.685,286.07490795862486,1.2508418371290353e-06
2011-08-01T12:00:00,37.021,-108.685,292.0971166528554,0.002496680306907707
2011-09-01T12:00:00,37.021,-108.685,291.95115869874354,5.278552552680747e-05
2011-10-01T12:00:00,37.021,-108.685,284.3860837212178,0.0
2011-11-01T12:00:00,37.021,-108.685,275.53542427781423,7.505051022767273e-07
2011-12-01T12:00:00,37.021,-108.685,274.26633223612987,7.505051022767273e-07
2012-01-01T12:00:00,37.021,-108.685,265.5220489287739,0.0
2012-02-01T12:00:00,37.021,-108.685,266.69960801618475,1.2508418371290353e-06
2012-03-01T12:00:00,37.021,-108.685,275.1734155667685,0.0
2012-04-01T12:00:00,37.021,-108.685,280.38996933914996,7.505051022767273e-07
2012-05-01T12:00:00,37.021,-108.685,280.69013145947036,0.0
2012-06-01T12:00:00,37.021,-108.685,285.863804928949,0.0
2012-07-01T12:00:00,37.021,-108.685,290.6251677935919,7.505051022767273e-07
2012-08-01T12:00:00,37.021,-108.685,292.9407041503493,0.00013008755106132426
2012-09-01T12:00:00,37.021,-108.685,291.55863900293997,1.7511785719796086e-06
2012-10-01T12:00:00,37.021,-108.685,282.2865981213943,7.505051022767273e-07
2012-11-01T12:00:00,37.021,-108.685,275.81991859515085,0.0
2012-12-01T12:00:00,37.021,-108.685,274.20943337266255,7.505051022767273e-07
2013-01-01T12:00:00,37.021,-108.685,254.78465615764213,3.252188776533063e-06
2013-02-01T12:00:00,37.021,-108.685,264.24471067499286,0.0
2013-03-01T12:00:00,37.021,-108.685,267.9917894517399,0.0
2013-04-01T12:00:00,37.021,-108.685,277.7907632862656,0.0
2013-05-01T12:00:00,37.021,-108.685,282.7681769078424,0.0
2013-06-01T12:00:00,37.021,-108.685,280.14175835503886,7.505051022767273e-07
2013-07-01T12:00:00,37.021,-108.685,293.39012270962024,3.002020409107603e-05
2013-08-01T12:00:00,37.021,-108.685,293.7488329358273,0.00019563166332683783
2013-09-01T12:00:00,37.021,-108.685,292.7023886207542,2.3765994905434323e-05
2013-10-01T12:00:00,37.021,-108.685,278.83720760133866,0.0
2013-11-01T12:00:00,37.021,-108.685,272.26580118146694,0.0
2013-12-01T12:00:00,37.021,-108.685,268.30679475383437,0.0
2014-01-01T12:00:00,37.021,-108.685,267.670187179968,5.00336734852308e-07
2014-02-01T12:00:00,37.021,-108.685,271.03876482147587,0.0005974020614123859
2014-03-01T12:00:00,37.021,-108.685,277.73056593795957,0.00014609832657656342
2014-04-01T12:00:00,37.021,-108.685,278.77783487424233,0.0
2014-05-01T12:00:00,37.021,-108.685,272.60142201380324,0.0
2014-06-01T12:00:00,37.021,-108.685,293.292817406879,7.505051022767273e-07
2014-07-01T12:00:00,37.021,-108.685,289.3956575699718,0.0
2014-08-01T12:00:00,37.021,-108.685,292.5044795304331,7.029731124660009e-05
2014-09-01T12:00:00,37.021,-108.685,293.2309708161536,1.2508418371290353e-06
2014-10-01T12:00:00,37.021,-108.685,280.8031045651954,1.0006734697028813e-06
2014-11-01T12:00:00,37.021,-108.685,283.4583848603374,0.00015660539800843934
2014-12-01T12:00:00,37.021,-108.685,270.8919822461543,0.0
2015-01-01T12:00:00,37.021,-108.685,269.8331686129362,0.0026650436181851513
2015-02-01T12:00:00,37.021,-108.685,265.38928491401686,1.876262755692165e-05
2015-03-01T12:00:00,37.021,-108.685,271.9631651975175,0.0017406715005474777
2015-04-01T12:00:00,37.021,-108.685,284.8561178107305,7.505051022767273e-07
2015-05-01T12:00:00,37.021,-108.685,279.5521541901238,7.505051022767273e-07
2015-06-01T12:00:00,37.021,-108.685,287.6301435600652,0.0
2015-07-01T12:00:00,37.021,-108.685,294.94535831106055,5.00336734852308e-07
2015-08-01T12:00:00,37.021,-108.685,292.138347713339,0.000793033724739222
2015-09-01T12:00:00,37.021,-108.685,287.0941397737788,0.0
2015-10-01T12:00:00,37.021,-108.685,287.24257159151966,0.0
2015-11-01T12:00:00,37.021,-108.685,274.8765519312867,0.0
2015-12-01T12:00:00,37.021,-108.685,264.8384379459563,0.0
2016-01-01T12:00:00,37.021,-108.685,252.86328873910767,2.50168367426154e-07
2016-02-01T12:00:00,37.021,-108.685,274.9120106433026,0.005233272078176586
2016-03-01T12:00:00,37.021,-108.685,271.9912023186464,7.505051022767273e-07
2016-04-01T12:00:00,37.021,-108.685,270.8754898219609,0.00018412391842525903
2016-05-01T12:00:00,37.021,-108.685,277.71407351376615,0.002057884990443166
2016-06-01T12:00:00,37.021,-108.685,286.4641291695898,7.505051022767273e-07
2016-07-01T12:00:00,37.021,-108.685,294.23535944953346,4.6531316341165765e-05
2016-08-01T12:00:00,37.021,-108.685,295.17955073460723,9.75656632959919e-06
2016-09-01T12:00:00,37.021,-108.685,290.06607461343464,7.505051022767273e-07
2016-10-01T12:00:00,37.021,-108.685,282.124147743089,0.0
2016-11-01T12:00:00,37.021,-108.685,281.98148827381584,0.0
2016-12-01T12:00:00,37.021,-108.685,266.90823718223163,5.00336734852308e-07
2017-01-01T12:00:00,37.021,-108.685,272.8042788313824,0.00030945827050549504
2017-02-01T12:00:00,37.021,-108.685,264.1350360541066,0.0
2017-03-01T12:00:00,37.021,-108.685,263.3747352987895,0.00019338014802000592
2017-04-01T12:00:00,37.021,-108.685,270.6025402015597,6.554411226551357e-05
2017-05-01T12:00:00,37.021,-108.685,275.9172238978921,7.505051022767273e-07
2017-06-01T12:00:00,37.021,-108.685,286.267869321688,0.00020613873475871375
2017-07-01T12:00:00,37.021,-108.685,288.6163905268323,7.505051022767273e-07
2017-08-01T12:00:00,37.021,-108.685,291.22961514028106,0.0007785239594285363
2017-09-01T12:00:00,37.021,-108.685,290.0355636286768,0.0
2017-10-01T12:00:00,37.021,-108.685,281.9303617588162,4.6281147973741346e-05
2017-11-01T12:00:00,37.021,-108.685,283.7626700867062,7.505051022767273e-07
2017-12-01T12:00:00,37.021,-108.685,274.2803507966943,0.0
2018-01-01T12:00:00,37.021,-108.685,269.89254134003255,0.0
2018-02-01T12:00:00,37.021,-108.685,272.0225379246139,0.0
2018-03-01T12:00:00,37.021,-108.685,269.15368073616696,7.505051022767273e-07
2018-04-01T12:00:00,37.021,-108.685,286.8129439412808,0.0
2018-05-01T12:00:00,37.021,-108.685,281.9047985013164,0.0
2018-06-01T12:00:00,37.021,-108.685,292.1771049101935,0.0
2018-07-01T12:00:00,37.021,-108.685,288.0408049224816,1.2508418371290353e-06
2018-08-01T12:00:00,37.021,-108.685,293.65894922397314,5.00336734852308e-07
2018-09-01T12:00:00,37.021,-108.685,290.15513370407916,5.178485205710459e-05
2018-10-01T12:00:00,37.021,-108.685,290.875852641332,0.0
2018-11-01T12:00:00,37.021,-108.685,274.50712162935395,0.0
2018-12-01T12:00:00,37.021,-108.685,270.882911412848,0.00020513806128901087
2019-01-01T12:00:00,37.021,-108.685,265.7587152159496,0.007409236538044645
2019-02-01T12:00:00,37.021,-108.685,265.8461250641748,0.0
2019-03-01T12:00:00,37.021,-108.685,269.7746205070495,0.0
2019-04-01T12:00:00,37.021,-108.685,270.73035648905875,6.279226022383108e-05
2019-05-01T12:00:00,37.021,-108.685,280.5746844901164,0.0016118347913232824
2019-06-01T12:00:00,37.021,-108.685,285.4415988695972,5.00336734852308e-07
2019-07-01T12:00:00,37.021,-108.685,291.6056424118912,0.00016711246944031526
2019-08-01T12:00:00,37.021,-108.685,294.98576475033445,0.000294448168459957
2019-09-01T12:00:00,37.021,-108.685,293.2210753616376,0.0
2019-10-01T12:00:00,37.021,-108.685,282.1703265308306,0.0
2019-11-01T12:00:00,37.021,-108.685,267.5506171045657,7.505051022767273e-07
2019-12-01T12:00:00,37.021,-108.685,263.78374741878656,7.505051022767273e-07
2020-01-01T12:00:00,37.021,-108.685,255.2390224441711,0.0
2020-02-01T12:00:00,37.021,-108.685,267.3774466505347,7.505051022767273e-07
2020-03-01T12:00:00,37.021,-108.685,271.9441989096951,1.876262755692165e-05
2020-04-01T12:00:00,37.021,-108.685,276.2957250331313,0.0
2020-05-01T12:00:00,37.021,-108.685,291.13148521633013,7.505051022767273e-07
2020-06-01T12:00:00,37.021,-108.685,290.73319317205886,1.075723979930207e-05
2020-07-01T12:00:00,37.021,-108.685,284.5452356146844,0.0
2020-08-01T12:00:00,37.021,-108.685,292.9753382411555,7.505051022767273e-07
2020-09-01T12:00:00,37.021,-108.685,290.2796515067396,5.078417858740171e-05
2020-10-01T12:00:00,37.021,-108.685,281.0414200947904,0.0
2020-11-01T12:00:00,37.021,-108.685,275.9295932160372,0.0
2020-12-01T12:00:00,37.021,-108.685,268.8782572521367,0.0
